jobTitle,jobId
Business Analyst II,1175066
Sr. Business Intelligence Engineer,1175039
"Business Intelligence Engineer, DAC FP&amp;A Systems",1174590
"Business Analyst, Customer Packaging Excellence",1173302
"Business Analyst, Amazon Transportation Services",1172224
Business Intelligence Engineer II,1171840
Business Intelligence Engineer - HR,1171478
Senior Business Intelligence Engineer ,1170791
Big Data Engineer,1170426
Business Analyst,1170390
Data Scientist - Growth,1170072
"Data Engineer, Alexa Shopping",1168785
Business Intelligence Engineer / Analyst,1168751
Business Intelligence Engineer,1168741
"Head of Analytics, Denied Party Screening",1168580
Business Intelligence Engineer - Prime Video,1167549
Sr. Business/Data Analyst,1167488
"Sr. Big Data Engineer, AWS Finance BI",1166953
Sr Big Data Engineer,1166371
"Data Engineer II, AWS Finance BI",1166238
